slug,טלפון,campaign_id,channel_name,lead_source_id_powerlink
https://pelephone-sale.co.il/,723931015,0,אורגני,3
https://pelephone-sale.co.il/a/,509695698,18862440154,2. נייד A סייל אול-1800,3
https://pelephone-sale.co.il/active/,509695754,12440073323,8.סייל אול השארת פרטים אקטיב 360,3
https://pelephone-sale.co.il/active-2/,509990472,21582700793,81.סייל אול - השארת פרטים הצטרפות,3
https://pelephone-sale.co.il/am/,509695791,18868006212,9 משותף [A] 1800 המרה,0
https://pelephone-sale.co.il/b/,509695700,18857864352,3.סייל אול - קבוצה [B] ללא אייפי,3
https://pelephone-sale.co.il/bm/,509695793,18875105030,91. משותף [B] 1800 ללא אייפים,0
https://pelephone-sale.co.il/C/,509695723,18857987730,31.סייל אול - [C] [ללא הצטרפות] 5400,3
https://pelephone-sale.co.il/cm/,509695805,21583009175,92. משותף [C]הצטרפות ללא אייפים,0
https://pelephone-sale.co.il/D/,509695733,18862902919,4.סייל אול - [D] 1800,3
https://pelephone-sale.co.il/deal/,508308739,8866624275,89. משותף פלאפון נייד,0
https://pelephone-sale.co.il/desktop/,509695696,18863711270,73. סייל אול נייח 1800 הכל חוץ מפלאפון,3
https://pelephone-sale.co.il/e/,509695735,18863405701,41. סייל אול [E] 1800מותאם לביטוי,3
https://pelephone-sale.co.il/em/,509697001,18868173543,96 משותף [E],0
https://pelephone-sale.co.il/f/,508308900,21576014079,5.סייל אול - קבוצה [f] הצטרפות ללא אייפי,3
https://pelephone-sale.co.il/fm/,509695695,21582919373,"97.משותף נייח ""פלאפון"" fm",0
https://pelephone-sale.co.il/g/,509997822,21586313728,6.סייל אול - [g] הצטרפות,3
https://pelephone-sale.co.il/gm/,509697029,21576335673,99 .משותף נייח הצטרפות gm,0
https://pelephone-sale.co.il/h/,509997824,21576107685,71.סייל אול - נייח הצטרפות [H],3
https://pelephone-sale.co.il/i/,509997913,21586372537,72.סייל אול - נייח [פלאפון] [i],3
https://pelephone-sale.co.il/im/,508303611,18874927355,98 . משותף נייח כל המילים חוץ מפלאפון [I],0
https://pelephone-sale.co.il/jm/,508307584,18868112373,93 משותף [J] הצטרפות ללא חבילות,0
https://pelephone-sale.co.il/km/,508307583,21576335670,94 משותף -K חבילות,0
https://www.pelephone-sale.co.il/pmax,509990471,22937037576,7. PMAX סיילאול בלבד,3
https://www.pelephone-sale.co.il/hm/,508303605,21576335664,991.משותף נייח [hm] [פלאפון],0
https://www.pelephone-sale.co.il/Dm/,509695880,21586605061,95 משותף - [D],0
https://www.pelephone-sale.co.il/demand,508307495,24255062314,992 קמפיין ליצירת ביקוש – Demand,0
https://www.pelephone-sale.co.il/main,508090356,8866584363,1. סייל אול ראשי נייד,3
